ANO_ELEICAO,NR_TURNO,NM_MUNICIPIO,NR_ZONA,CD_CARGO,DS_CARGO,SQ_CANDIDATO,NM_CANDIDATO,NM_URNA_CANDIDATO,DS_SITUACAO_CANDIDATURA,SG_PARTIDO,NM_PARTIDO,QT_VOTOS_NOMINAIS,ST_VOTO_EM_TRANSITO,DS_SIT_TOT_TURNO,TOTAL_VOTOS,PROPORCAO,PORCENTAGEM
2016,1,RIO DE JANEIRO,25,13,Vereador,190000026194,WILLIAN CARVALHO DOS SANTOS,WILLIAN COELHO,APTO,PMDB,Partido do Movimento Democrático Brasileiro,11081,N,ELEITO POR QP,20678,0.535883547731889,53.5883547731889
2016,1,RIO DE JANEIRO,241,13,Vereador,190000026194,WILLIAN CARVALHO DOS SANTOS,WILLIAN COELHO,APTO,PMDB,Partido do Movimento Democrático Brasileiro,1697,N,ELEITO POR QP,20678,0.08206789824934713,8.206789824934713
2016,1,RIO DE JANEIRO,243,13,Vereador,190000026194,WILLIAN CARVALHO DOS SANTOS,WILLIAN COELHO,APTO,PMDB,Partido do Movimento Democrático Brasileiro,1184,N,ELEITO POR QP,20678,0.05725892252635651,5.725892252635651
2016,1,RIO DE JANEIRO,240,13,Vereador,190000026194,WILLIAN CARVALHO DOS SANTOS,WILLIAN COELHO,APTO,PMDB,Partido do Movimento Democrático Brasileiro,791,N,ELEITO POR QP,20678,0.03825321597833446,3.825321597833446
2016,1,RIO DE JANEIRO,125,13,Vereador,190000026194,WILLIAN CARVALHO DOS SANTOS,WILLIAN COELHO,APTO,PMDB,Partido do Movimento Democrático Brasileiro,671,N,ELEITO POR QP,20678,0.032449946803365895,3.2449946803365894
2016,1,RIO DE JANEIRO,246,13,Vereador,190000012843,VERÔNICA CHAVES DE CARVALHO COSTA,VERÔNICA COSTA,APTO,PMDB,Partido do Movimento Democrático Brasileiro,556,N,ELEITO POR MÉDIA,19946,0.027875263210668806,2.787526321066881
2016,1,RIO DE JANEIRO,182,13,Vereador,190000012843,VERÔNICA CHAVES DE CARVALHO COSTA,VERÔNICA COSTA,APTO,PMDB,Partido do Movimento Democrático Brasileiro,549,N,ELEITO POR MÉDIA,19946,0.027524315652261103,2.7524315652261104
2016,1,RIO DE JANEIRO,9,13,Vereador,190000012843,VERÔNICA CHAVES DE CARVALHO COSTA,VERÔNICA COSTA,APTO,PMDB,Partido do Movimento Democrático Brasileiro,520,N,ELEITO POR MÉDIA,19946,0.02607039005314349,2.607039005314349
2016,1,RIO DE JANEIRO,185,13,Vereador,190000012843,VERÔNICA CHAVES DE CARVALHO COSTA,VERÔNICA COSTA,APTO,PMDB,Partido do Movimento Democrático Brasileiro,489,N,ELEITO POR MÉDIA,19946,0.02451619372305224,2.451619372305224
2016,1,RIO DE JANEIRO,180,13,Vereador,190000012843,VERÔNICA CHAVES DE CARVALHO COSTA,VERÔNICA COSTA,APTO,PMDB,Partido do Movimento Democrático Brasileiro,475,N,ELEITO POR MÉDIA,19946,0.02381429860623684,2.381429860623684
2016,1,RIO DE JANEIRO,218,13,Vereador,190000003607,VERA LUCIA FERREIRA LINS,VERA LINS,APTO,PP,Partido Progressista,5104,N,ELEITO POR QP,36117,0.1413184926765789,14.13184926765789
2016,1,RIO DE JANEIRO,118,13,Vereador,190000003607,VERA LUCIA FERREIRA LINS,VERA LINS,APTO,PP,Partido Progressista,4493,N,ELEITO POR QP,36117,0.12440125148821884,12.440125148821885
2016,1,RIO DE JANEIRO,177,13,Vereador,190000003607,VERA LUCIA FERREIRA LINS,VERA LINS,APTO,PP,Partido Progressista,2723,N,ELEITO POR QP,36117,0.07539385884763408,7.5393858847634085
2016,1,RIO DE JANEIRO,22,13,Vereador,190000003607,VERA LUCIA FERREIRA LINS,VERA LINS,APTO,PP,Partido Progressista,2699,N,ELEITO POR QP,36117,0.0747293518287787,7.47293518287787
2016,1,RIO DE JANEIRO,190,13,Vereador,190000003607,VERA LUCIA FERREIRA LINS,VERA LINS,APTO,PP,Partido Progressista,2347,N,ELEITO POR QP,36117,0.06498324888556635,6.498324888556635
2016,1,RIO DE JANEIRO,211,13,Vereador,190000017874,TÂNIA CRISTINA MAGALHÃES BASTOS E SILVA,TÂNIA BASTOS ,APTO,PRB,Partido Republicano Brasileiro,2007,N,ELEITO POR QP,22930,0.08752725686873092,8.752725686873092
2016,1,RIO DE JANEIRO,179,13,Vereador,190000017874,TÂNIA CRISTINA MAGALHÃES BASTOS E SILVA,TÂNIA BASTOS ,APTO,PRB,Partido Republicano Brasileiro,1792,N,ELEITO POR QP,22930,0.07815089402529438,7.815089402529438
2016,1,RIO DE JANEIRO,192,13,Vereador,190000017874,TÂNIA CRISTINA MAGALHÃES BASTOS E SILVA,TÂNIA BASTOS ,APTO,PRB,Partido Republicano Brasileiro,1331,N,ELEITO POR QP,22930,0.05804622764936764,5.804622764936764
2016,1,RIO DE JANEIRO,191,13,Vereador,190000017874,TÂNIA CRISTINA MAGALHÃES BASTOS E SILVA,TÂNIA BASTOS ,APTO,PRB,Partido Republicano Brasileiro,1141,N,ELEITO POR QP,22930,0.0497601395551679,4.97601395551679
2016,1,RIO DE JANEIRO,182,13,Vereador,190000017874,TÂNIA CRISTINA MAGALHÃES BASTOS E SILVA,TÂNIA BASTOS ,APTO,PRB,Partido Republicano Brasileiro,1008,N,ELEITO POR QP,22930,0.04395987788922809,4.395987788922809
2016,1,RIO DE JANEIRO,193,13,Vereador,190000012847,THIAGO KWIATKOWSKI RIBEIRO,THIAGO K. RIBEIRO,APTO,PMDB,Partido do Movimento Democrático Brasileiro,2482,N,ELEITO POR QP,24900,0.09967871485943774,9.967871485943775
2016,1,RIO DE JANEIRO,179,13,Vereador,190000012847,THIAGO KWIATKOWSKI RIBEIRO,THIAGO K. RIBEIRO,APTO,PMDB,Partido do Movimento Democrático Brasileiro,1631,N,ELEITO POR QP,24900,0.06550200803212851,6.550200803212851
2016,1,RIO DE JANEIRO,176,13,Vereador,190000012847,THIAGO KWIATKOWSKI RIBEIRO,THIAGO K. RIBEIRO,APTO,PMDB,Partido do Movimento Democrático Brasileiro,1379,N,ELEITO POR QP,24900,0.05538152610441767,5.538152610441767
2016,1,RIO DE JANEIRO,119,13,Vereador,190000012847,THIAGO KWIATKOWSKI RIBEIRO,THIAGO K. RIBEIRO,APTO,PMDB,Partido do Movimento Democrático Brasileiro,1107,N,ELEITO POR QP,24900,0.044457831325301206,4.445783132530121
2016,1,RIO DE JANEIRO,2,13,Vereador,190000012847,THIAGO KWIATKOWSKI RIBEIRO,THIAGO K. RIBEIRO,APTO,PMDB,Partido do Movimento Democrático Brasileiro,960,N,ELEITO POR QP,24900,0.03855421686746988,3.8554216867469884
2016,1,RIO DE JANEIRO,7,13,Vereador,190000003426,TARCÍSIO MOTTA DE CARVALHO,TARCÍSIO MOTTA,APTO,PSOL,Partido Socialismo e Liberdade,3424,N,ELEITO POR QP,90473,0.03784554507974755,3.784554507974755
2016,1,RIO DE JANEIRO,16,13,Vereador,190000003426,TARCÍSIO MOTTA DE CARVALHO,TARCÍSIO MOTTA,APTO,PSOL,Partido Socialismo e Liberdade,2944,N,ELEITO POR QP,90473,0.03254009483492313,3.254009483492313
2016,1,RIO DE JANEIRO,9,13,Vereador,190000003426,TARCÍSIO MOTTA DE CARVALHO,TARCÍSIO MOTTA,APTO,PSOL,Partido Socialismo e Liberdade,2487,N,ELEITO POR QP,90473,0.02748886408099654,2.7488864080996542
2016,1,RIO DE JANEIRO,170,13,Vereador,190000003426,TARCÍSIO MOTTA DE CARVALHO,TARCÍSIO MOTTA,APTO,PSOL,Partido Socialismo e Liberdade,2448,N,ELEITO POR QP,90473,0.027057796248604556,2.7057796248604555
2016,1,RIO DE JANEIRO,4,13,Vereador,190000003426,TARCÍSIO MOTTA DE CARVALHO,TARCÍSIO MOTTA,APTO,PSOL,Partido Socialismo e Liberdade,2427,N,ELEITO POR QP,90473,0.026825682800393488,2.682568280039349
2016,1,RIO DE JANEIRO,246,13,Vereador,190000012852,TADEU AMORIM DE BARROS JUNIOR,JUNIOR DA LUCINHA,APTO,PMDB,Partido do Movimento Democrático Brasileiro,6160,N,ELEITO POR QP,45124,0.13651272050350147,13.651272050350146
2016,1,RIO DE JANEIRO,245,13,Vereador,190000012852,TADEU AMORIM DE BARROS JUNIOR,JUNIOR DA LUCINHA,APTO,PMDB,Partido do Movimento Democrático Brasileiro,5270,N,ELEITO POR QP,45124,0.11678929172945661,11.678929172945661
2016,1,RIO DE JANEIRO,242,13,Vereador,190000012852,TADEU AMORIM DE BARROS JUNIOR,JUNIOR DA LUCINHA,APTO,PMDB,Partido do Movimento Democrático Brasileiro,5232,N,ELEITO POR QP,45124,0.11594716780427267,11.594716780427266
2016,1,RIO DE JANEIRO,240,13,Vereador,190000012852,TADEU AMORIM DE BARROS JUNIOR,JUNIOR DA LUCINHA,APTO,PMDB,Partido do Movimento Democrático Brasileiro,4743,N,ELEITO POR QP,45124,0.10511036255651095,10.511036255651094
2016,1,RIO DE JANEIRO,125,13,Vereador,190000012852,TADEU AMORIM DE BARROS JUNIOR,JUNIOR DA LUCINHA,APTO,PMDB,Partido do Movimento Democrático Brasileiro,4706,N,ELEITO POR QP,45124,0.10429039978725291,10.42903997872529
2016,1,RIO DE JANEIRO,22,13,Vereador,190000012844,ROSA MARIA ORLANDO FERNANDES,ROSA FERNANDES,APTO,PMDB,Partido do Movimento Democrático Brasileiro,10749,N,ELEITO POR QP,57868,0.18575032833344854,18.575032833344853
2016,1,RIO DE JANEIRO,177,13,Vereador,190000012844,ROSA MARIA ORLANDO FERNANDES,ROSA FERNANDES,APTO,PMDB,Partido do Movimento Democrático Brasileiro,5287,N,ELEITO POR QP,57868,0.09136310223266746,9.136310223266745
2016,1,RIO DE JANEIRO,219,13,Vereador,190000012844,ROSA MARIA ORLANDO FERNANDES,ROSA FERNANDES,APTO,PMDB,Partido do Movimento Democrático Brasileiro,4793,N,ELEITO POR QP,57868,0.0828264325706781,8.282643257067809
2016,1,RIO DE JANEIRO,190,13,Vereador,190000012844,ROSA MARIA ORLANDO FERNANDES,ROSA FERNANDES,APTO,PMDB,Partido do Movimento Democrático Brasileiro,4320,N,ELEITO POR QP,57868,0.07465265777286238,7.4652657772862385
2016,1,RIO DE JANEIRO,176,13,Vereador,190000012844,ROSA MARIA ORLANDO FERNANDES,ROSA FERNANDES,APTO,PMDB,Partido do Movimento Democrático Brasileiro,3479,N,ELEITO POR QP,57868,0.06011958249809912,6.011958249809912
2016,1,RIO DE JANEIRO,22,13,Vereador,190000010031,ROOSEVELT BARRETO BARCELOS,VAL,APTO,PEN,Partido Ecológico Nacional,5463,N,ELEITO POR QP,15388,0.3550168962828178,35.50168962828178
2016,1,RIO DE JANEIRO,175,13,Vereador,190000010031,ROOSEVELT BARRETO BARCELOS,VAL,APTO,PEN,Partido Ecológico Nacional,2400,N,ELEITO POR QP,15388,0.15596568754873927,15.596568754873926
2016,1,RIO DE JANEIRO,177,13,Vereador,190000010031,ROOSEVELT BARRETO BARCELOS,VAL,APTO,PEN,Partido Ecológico Nacional,1208,N,ELEITO POR QP,15388,0.07850272939953211,7.850272939953211
2016,1,RIO DE JANEIRO,189,13,Vereador,190000010031,ROOSEVELT BARRETO BARCELOS,VAL,APTO,PEN,Partido Ecológico Nacional,903,N,ELEITO POR QP,15388,0.05868208994021315,5.868208994021315
2016,1,RIO DE JANEIRO,220,13,Vereador,190000010031,ROOSEVELT BARRETO BARCELOS,VAL,APTO,PEN,Partido Ecológico Nacional,459,N,ELEITO POR QP,15388,0.02982843774369639,2.982843774369639
2016,1,RIO DE JANEIRO,120,13,Vereador,190000003862,ROGERIO DE CASTRO LOPES,ROGERIO ROCAL,APTO,PTB,Partido Trabalhista Brasileiro,9988,N,ELEITO POR MÉDIA,15055,0.6634340750581202,66.34340750581202
2016,1,RIO DE JANEIRO,242,13,Vereador,190000003862,ROGERIO DE CASTRO LOPES,ROGERIO ROCAL,APTO,PTB,Partido Trabalhista Brasileiro,1125,N,ELEITO POR MÉDIA,15055,0.07472600464961807,7.472600464961807
2016,1,RIO DE JANEIRO,122,13,Vereador,190000003862,ROGERIO DE CASTRO LOPES,ROGERIO ROCAL,APTO,PTB,Partido Trabalhista Brasileiro,736,N,ELEITO POR MÉDIA,15055,0.04888741281966124,4.888741281966124
2016,1,RIO DE JANEIRO,244,13,Vereador,190000003862,ROGERIO DE CASTRO LOPES,ROGERIO ROCAL,APTO,PTB,Partido Trabalhista Brasileiro,576,N,ELEITO POR MÉDIA,15055,0.03825971438060445,3.8259714380604453
2016,1,RIO DE JANEIRO,245,13,Vereador,190000003862,ROGERIO DE CASTRO LOPES,ROGERIO ROCAL,APTO,PTB,Partido Trabalhista Brasileiro,493,N,ELEITO POR MÉDIA,15055,0.03274659581534374,3.274659581534374
2016,1,RIO DE JANEIRO,16,13,Vereador,190000003423,RENATO ATHAYDE SILVA,RENATO CINCO,APTO,PSOL,Partido Socialismo e Liberdade,733,N,ELEITO POR QP,17162,0.042710639785572775,4.271063978557278
2016,1,RIO DE JANEIRO,7,13,Vereador,190000003423,RENATO ATHAYDE SILVA,RENATO CINCO,APTO,PSOL,Partido Socialismo e Liberdade,712,N,ELEITO POR QP,17162,0.04148700617643631,4.148700617643631
2016,1,RIO DE JANEIRO,9,13,Vereador,190000003423,RENATO ATHAYDE SILVA,RENATO CINCO,APTO,PSOL,Partido Socialismo e Liberdade,606,N,ELEITO POR QP,17162,0.035310569863652254,3.5310569863652255
2016,1,RIO DE JANEIRO,4,13,Vereador,190000003423,RENATO ATHAYDE SILVA,RENATO CINCO,APTO,PSOL,Partido Socialismo e Liberdade,548,N,ELEITO POR QP,17162,0.03193101037175154,3.193101037175154
2016,1,RIO DE JANEIRO,170,13,Vereador,190000003423,RENATO ATHAYDE SILVA,RENATO CINCO,APTO,PSOL,Partido Socialismo e Liberdade,464,N,ELEITO POR QP,17162,0.027036475935205688,2.703647593520569
2016,1,RIO DE JANEIRO,7,13,Vereador,190000015120,REIMONT LUIZ OTONI SANTA BARBARA,REIMONT,APTO,PT,Partido dos Trabalhadores,1168,N,ELEITO POR QP,19626,0.05951289106287578,5.951289106287578
2016,1,RIO DE JANEIRO,6,13,Vereador,190000015120,REIMONT LUIZ OTONI SANTA BARBARA,REIMONT,APTO,PT,Partido dos Trabalhadores,1128,N,ELEITO POR QP,19626,0.05747477835524305,5.747477835524305
2016,1,RIO DE JANEIRO,229,13,Vereador,190000015120,REIMONT LUIZ OTONI SANTA BARBARA,REIMONT,APTO,PT,Partido dos Trabalhadores,889,N,ELEITO POR QP,19626,0.04529705492713747,4.529705492713747
2016,1,RIO DE JANEIRO,171,13,Vereador,190000015120,REIMONT LUIZ OTONI SANTA BARBARA,REIMONT,APTO,PT,Partido dos Trabalhadores,647,N,ELEITO POR QP,19626,0.03296647304595944,3.296647304595944
2016,1,RIO DE JANEIRO,170,13,Vereador,190000015120,REIMONT LUIZ OTONI SANTA BARBARA,REIMONT,APTO,PT,Partido dos Trabalhadores,628,N,ELEITO POR QP,19626,0.031998369509833896,3.1998369509833897
2016,1,RIO DE JANEIRO,214,13,Vereador,190000012849,RAFAEL ALOISIO FREITAS,RAFAEL ALOISIO FREITAS,APTO,PMDB,Partido do Movimento Democrático Brasileiro,2425,N,ELEITO POR QP,22897,0.10590907105734376,10.590907105734376
2016,1,RIO DE JANEIRO,20,13,Vereador,190000012849,RAFAEL ALOISIO FREITAS,RAFAEL ALOISIO FREITAS,APTO,PMDB,Partido do Movimento Democrático Brasileiro,2324,N,ELEITO POR QP,22897,0.10149801284011006,10.149801284011007
2016,1,RIO DE JANEIRO,10,13,Vereador,190000012849,RAFAEL ALOISIO FREITAS,RAFAEL ALOISIO FREITAS,APTO,PMDB,Partido do Movimento Democrático Brasileiro,1571,N,ELEITO POR QP,22897,0.06861160850766476,6.861160850766476
2016,1,RIO DE JANEIRO,173,13,Vereador,190000012849,RAFAEL ALOISIO FREITAS,RAFAEL ALOISIO FREITAS,APTO,PMDB,Partido do Movimento Democrático Brasileiro,1556,N,ELEITO POR QP,22897,0.06795650085163996,6.795650085163995
2016,1,RIO DE JANEIRO,215,13,Vereador,190000012849,RAFAEL ALOISIO FREITAS,RAFAEL ALOISIO FREITAS,APTO,PMDB,Partido do Movimento Democrático Brasileiro,1262,N,ELEITO POR QP,22897,0.05511639079355374,5.511639079355374
2016,1,RIO DE JANEIRO,246,13,Vereador,190000010039,PAULO SANTOS MESSINA,PAULO MESSINA,APTO,PROS,Partido Republicano da Ordem Social,430,N,ELEITO POR MÉDIA,15346,0.028020331030887528,2.802033103088753
2016,1,RIO DE JANEIRO,180,13,Vereador,190000010039,PAULO SANTOS MESSINA,PAULO MESSINA,APTO,PROS,Partido Republicano da Ordem Social,378,N,ELEITO POR MÉDIA,15346,0.024631825882966245,2.4631825882966245
2016,1,RIO DE JANEIRO,179,13,Vereador,190000010039,PAULO SANTOS MESSINA,PAULO MESSINA,APTO,PROS,Partido Republicano da Ordem Social,342,N,ELEITO POR MÉDIA,15346,0.022285937703636127,2.228593770363613
2016,1,RIO DE JANEIRO,245,13,Vereador,190000010039,PAULO SANTOS MESSINA,PAULO MESSINA,APTO,PROS,Partido Republicano da Ordem Social,328,N,ELEITO POR MÉDIA,15346,0.02137364785611886,2.137364785611886
2016,1,RIO DE JANEIRO,122,13,Vereador,190000010039,PAULO SANTOS MESSINA,PAULO MESSINA,APTO,PROS,Partido Republicano da Ordem Social,285,N,ELEITO POR MÉDIA,15346,0.018571614753030107,1.8571614753030108
2016,1,RIO DE JANEIRO,7,13,Vereador,190000003420,PAULO PINHEIRO,PAULO PINHEIRO,APTO,PSOL,Partido Socialismo e Liberdade,705,N,ELEITO POR QP,13141,0.053648885168556426,5.364888516855642
2016,1,RIO DE JANEIRO,17,13,Vereador,190000003420,PAULO PINHEIRO,PAULO PINHEIRO,APTO,PSOL,Partido Socialismo e Liberdade,645,N,ELEITO POR QP,13141,0.04908302260101971,4.908302260101971
2016,1,RIO DE JANEIRO,211,13,Vereador,190000003420,PAULO PINHEIRO,PAULO PINHEIRO,APTO,PSOL,Partido Socialismo e Liberdade,624,N,ELEITO POR QP,13141,0.047484970702381855,4.7484970702381855
2016,1,RIO DE JANEIRO,16,13,Vereador,190000003420,PAULO PINHEIRO,PAULO PINHEIRO,APTO,PSOL,Partido Socialismo e Liberdade,569,N,ELEITO POR QP,13141,0.04329959668213987,4.329959668213987
2016,1,RIO DE JANEIRO,4,13,Vereador,190000003420,PAULO PINHEIRO,PAULO PINHEIRO,APTO,PSOL,Partido Socialismo e Liberdade,566,N,ELEITO POR QP,13141,0.043071303553763034,4.307130355376303
2016,1,RIO DE JANEIRO,161,13,Vereador,190000011861,OTONI MOURA DE PAULO JUNIOR,OTONI DE PAULA JR,APTO,PSC,Partido Social Cristão,931,N,ELEITO POR QP,7801,0.11934367388796308,11.934367388796307
2016,1,RIO DE JANEIRO,191,13,Vereador,190000011861,OTONI MOURA DE PAULO JUNIOR,OTONI DE PAULA JR,APTO,PSC,Partido Social Cristão,578,N,ELEITO POR QP,7801,0.07409306499166773,7.409306499166774
2016,1,RIO DE JANEIRO,219,13,Vereador,190000011861,OTONI MOURA DE PAULO JUNIOR,OTONI DE PAULA JR,APTO,PSC,Partido Social Cristão,392,N,ELEITO POR QP,7801,0.05024996795282656,5.024996795282656
2016,1,RIO DE JANEIRO,179,13,Vereador,190000011861,OTONI MOURA DE PAULO JUNIOR,OTONI DE PAULA JR,APTO,PSC,Partido Social Cristão,376,N,ELEITO POR QP,7801,0.04819894885271119,4.819894885271119
2016,1,RIO DE JANEIRO,218,13,Vereador,190000011861,OTONI MOURA DE PAULO JUNIOR,OTONI DE PAULA JR,APTO,PSC,Partido Social Cristão,287,N,ELEITO POR QP,7801,0.03679015510831945,3.679015510831945
2016,1,RIO DE JANEIRO,16,13,Vereador,190000003414,MARIELLE FRANCISCO DA SILVA,MARIELLE FRANCO,APTO,PSOL,Partido Socialismo e Liberdade,2237,N,ELEITO POR QP,46502,0.04810545782977076,4.810545782977076
2016,1,RIO DE JANEIRO,4,13,Vereador,190000003414,MARIELLE FRANCISCO DA SILVA,MARIELLE FRANCO,APTO,PSOL,Partido Socialismo e Liberdade,1926,N,ELEITO POR QP,46502,0.0414175734377016,4.14175734377016
2016,1,RIO DE JANEIRO,7,13,Vereador,190000003414,MARIELLE FRANCISCO DA SILVA,MARIELLE FRANCO,APTO,PSOL,Partido Socialismo e Liberdade,1837,N,ELEITO POR QP,46502,0.03950367726119307,3.950367726119307
2016,1,RIO DE JANEIRO,161,13,Vereador,190000003414,MARIELLE FRANCISCO DA SILVA,MARIELLE FRANCO,APTO,PSOL,Partido Socialismo e Liberdade,1688,N,ELEITO POR QP,46502,0.036299513999397875,3.6299513999397877
2016,1,RIO DE JANEIRO,9,13,Vereador,190000003414,MARIELLE FRANCISCO DA SILVA,MARIELLE FRANCO,APTO,PSOL,Partido Socialismo e Liberdade,1333,N,ELEITO POR QP,46502,0.02866543374478517,2.866543374478517
2016,1,RIO DE JANEIRO,188,13,Vereador,190000011374,MARIA TERESA BERGHER,TERESA BERGHER,APTO,PSDB,Partido da Social Democracia Brasileira,8256,N,ELEITO POR QP,30566,0.270104037165478,27.0104037165478
2016,1,RIO DE JANEIRO,161,13,Vereador,190000011374,MARIA TERESA BERGHER,TERESA BERGHER,APTO,PSDB,Partido da Social Democracia Brasileira,6206,N,ELEITO POR QP,30566,0.2030360531309298,20.30360531309298
2016,1,RIO DE JANEIRO,17,13,Vereador,190000011374,MARIA TERESA BERGHER,TERESA BERGHER,APTO,PSDB,Partido da Social Democracia Brasileira,1045,N,ELEITO POR QP,30566,0.0341883138127331,3.41883138127331
2016,1,RIO DE JANEIRO,162,13,Vereador,190000011374,MARIA TERESA BERGHER,TERESA BERGHER,APTO,PSDB,Partido da Social Democracia Brasileira,1000,N,ELEITO POR QP,30566,0.03271608977295034,3.271608977295034
2016,1,RIO DE JANEIRO,165,13,Vereador,190000011374,MARIA TERESA BERGHER,TERESA BERGHER,APTO,PSDB,Partido da Social Democracia Brasileira,915,N,ELEITO POR QP,30566,0.029935222142249557,2.9935222142249556
2016,2,RIO DE JANEIRO,246,11,Prefeito,190000017952,MARCELO BEZERRA CRIVELLA,CRIVELLA,APTO,PRB,Partido Republicano Brasileiro,48602,N,ELEITO,1700030,0.02858890725457786,2.858890725457786
2016,2,RIO DE JANEIRO,179,11,Prefeito,190000017952,MARCELO BEZERRA CRIVELLA,CRIVELLA,APTO,PRB,Partido Republicano Brasileiro,43962,N,ELEITO,1700030,0.02585954365511197,2.585954365511197
2016,2,RIO DE JANEIRO,9,11,Prefeito,190000017952,MARCELO BEZERRA CRIVELLA,CRIVELLA,APTO,PRB,Partido Republicano Brasileiro,39355,N,ELEITO,1700030,0.02314959147779745,2.3149591477797453
2016,2,RIO DE JANEIRO,25,11,Prefeito,190000017952,MARCELO BEZERRA CRIVELLA,CRIVELLA,APTO,PRB,Partido Republicano Brasileiro,35109,N,ELEITO,1700030,0.020651988494320688,2.0651988494320688
2016,2,RIO DE JANEIRO,161,11,Prefeito,190000017952,MARCELO BEZERRA CRIVELLA,CRIVELLA,APTO,PRB,Partido Republicano Brasileiro,34986,N,ELEITO,1700030,0.020579636829938294,2.0579636829938295
2016,1,RIO DE JANEIRO,179,13,Vereador,190000003852,MARCELO ARAR,MARCELO ARAR,APTO,PTB,Partido Trabalhista Brasileiro,839,N,ELEITO POR QP,16230,0.051694393099199015,5.169439309919902
2016,1,RIO DE JANEIRO,180,13,Vereador,190000003852,MARCELO ARAR,MARCELO ARAR,APTO,PTB,Partido Trabalhista Brasileiro,702,N,ELEITO POR QP,16230,0.04325323475046211,4.325323475046211
2016,1,RIO DE JANEIRO,182,13,Vereador,190000003852,MARCELO ARAR,MARCELO ARAR,APTO,PTB,Partido Trabalhista Brasileiro,587,N,ELEITO POR QP,16230,0.03616759088108441,3.6167590881084415
2016,1,RIO DE JANEIRO,185,13,Vereador,190000003852,MARCELO ARAR,MARCELO ARAR,APTO,PTB,Partido Trabalhista Brasileiro,572,N,ELEITO POR QP,16230,0.03524337646333949,3.524337646333949
2016,1,RIO DE JANEIRO,211,13,Vereador,190000003852,MARCELO ARAR,MARCELO ARAR,APTO,PTB,Partido Trabalhista Brasileiro,493,N,ELEITO POR QP,16230,0.0303758471965496,3.03758471965496
2016,1,RIO DE JANEIRO,9,13,Vereador,190000012659,MARCELLO MORAES SICILIANO,MARCELLO SICILIANO,APTO,PHS,Partido Humanista da Solidariedade,3477,N,ELEITO POR QP,13553,0.2565483656754962,25.654836567549623
2016,1,RIO DE JANEIRO,179,13,Vereador,190000012659,MARCELLO MORAES SICILIANO,MARCELLO SICILIANO,APTO,PHS,Partido Humanista da Solidariedade,1423,N,ELEITO POR QP,13553,0.10499520401387147,10.499520401387146
2016,1,RIO DE JANEIRO,241,13,Vereador,190000012659,MARCELLO MORAES SICILIANO,MARCELLO SICILIANO,APTO,PHS,Partido Humanista da Solidariedade,666,N,ELEITO POR QP,13553,0.04914041171696303,4.9140411716963035
2016,1,RIO DE JANEIRO,13,13,Vereador,190000012659,MARCELLO MORAES SICILIANO,MARCELLO SICILIANO,APTO,PHS,Partido Humanista da Solidariedade,495,N,ELEITO POR QP,13553,0.036523278978823875,3.6523278978823877
2016,1,RIO DE JANEIRO,25,13,Vereador,190000012659,MARCELLO MORAES SICILIANO,MARCELLO SICILIANO,APTO,PHS,Partido Humanista da Solidariedade,479,N,ELEITO POR QP,13553,0.03534272854718513,3.534272854718513
2016,1,RIO DE JANEIRO,233,13,Vereador,190000003606,MARCELINO ANTONIO D ALMEIDA,MARCELINO D ALMEIDA,APTO,PP,Partido Progressista,3414,N,ELEITO POR QP,24196,0.14109770209952058,14.109770209952059
2016,1,RIO DE JANEIRO,234,13,Vereador,190000003606,MARCELINO ANTONIO D ALMEIDA,MARCELINO D ALMEIDA,APTO,PP,Partido Progressista,2921,N,ELEITO POR QP,24196,0.12072243346007605,12.072243346007605
2016,1,RIO DE JANEIRO,124,13,Vereador,190000003606,MARCELINO ANTONIO D ALMEIDA,MARCELINO D ALMEIDA,APTO,PP,Partido Progressista,2917,N,ELEITO POR QP,24196,0.12055711687882295,12.055711687882296
2016,1,RIO DE JANEIRO,235,13,Vereador,190000003606,MARCELINO ANTONIO D ALMEIDA,MARCELINO D ALMEIDA,APTO,PP,Partido Progressista,2404,N,ELEITO POR QP,24196,0.09935526533311291,9.935526533311291
2016,1,RIO DE JANEIRO,24,13,Vereador,190000003606,MARCELINO ANTONIO D ALMEIDA,MARCELINO D ALMEIDA,APTO,PP,Partido Progressista,1845,N,ELEITO POR QP,24196,0.07625227310299224,7.625227310299223
2016,1,RIO DE JANEIRO,245,13,Vereador,190000007100,LUIS ANTONIO DA COSTA RAMOS,LUIZ CARLOS RAMOS FILHO,APTO,PTN,Partido Trabalhista Nacional,560,N,ELEITO POR QP,8618,0.06498027384543978,6.4980273845439775
2016,1,RIO DE JANEIRO,242,13,Vereador,190000007100,LUIS ANTONIO DA COSTA RAMOS,LUIZ CARLOS RAMOS FILHO,APTO,PTN,Partido Trabalhista Nacional,473,N,ELEITO POR QP,8618,0.054885124158737524,5.488512415873752
2016,1,RIO DE JANEIRO,122,13,Vereador,190000007100,LUIS ANTONIO DA COSTA RAMOS,LUIZ CARLOS RAMOS FILHO,APTO,PTN,Partido Trabalhista Nacional,454,N,ELEITO POR QP,8618,0.05268043629612439,5.268043629612439
2016,1,RIO DE JANEIRO,246,13,Vereador,190000007100,LUIS ANTONIO DA COSTA RAMOS,LUIZ CARLOS RAMOS FILHO,APTO,PTN,Partido Trabalhista Nacional,418,N,ELEITO POR QP,8618,0.048503132977488976,4.850313297748897
2016,1,RIO DE JANEIRO,230,13,Vereador,190000007100,LUIS ANTONIO DA COSTA RAMOS,LUIZ CARLOS RAMOS FILHO,APTO,PTN,Partido Trabalhista Nacional,315,N,ELEITO POR QP,8618,0.03655140403805988,3.6551404038059876
2016,1,RIO DE JANEIRO,7,13,Vereador,190000015112,LUCIANA GONÇALVES DE NOVAES,LUCIANA NOVAES,APTO,PT,Partido dos Trabalhadores,471,N,ELEITO POR QP,16679,0.028239103063732836,2.8239103063732838
2016,1,RIO DE JANEIRO,9,13,Vereador,190000015112,LUCIANA GONÇALVES DE NOVAES,LUCIANA NOVAES,APTO,PT,Partido dos Trabalhadores,422,N,ELEITO POR QP,16679,0.025301277054979317,2.530127705497932
2016,1,RIO DE JANEIRO,229,13,Vereador,190000015112,LUCIANA GONÇALVES DE NOVAES,LUCIANA NOVAES,APTO,PT,Partido dos Trabalhadores,395,N,ELEITO POR QP,16679,0.02368247496852329,2.3682474968523293
2016,1,RIO DE JANEIRO,179,13,Vereador,190000015112,LUCIANA GONÇALVES DE NOVAES,LUCIANA NOVAES,APTO,PT,Partido dos Trabalhadores,374,N,ELEITO POR QP,16679,0.022423406679057498,2.24234066790575
2016,1,RIO DE JANEIRO,182,13,Vereador,190000015112,LUCIANA GONÇALVES DE NOVAES,LUCIANA NOVAES,APTO,PT,Partido dos Trabalhadores,347,N,ELEITO POR QP,16679,0.020804604592601476,2.0804604592601477
2016,1,RIO DE JANEIRO,245,13,Vereador,190000003406,LEONEL BRIZOLA,LEONEL BRIZOLA NETO,APTO,PSOL,Partido Socialismo e Liberdade,398,N,ELEITO POR MÉDIA,11087,0.03589789843961396,3.589789843961396
2016,1,RIO DE JANEIRO,252,13,Vereador,190000003406,LEONEL BRIZOLA,LEONEL BRIZOLA NETO,APTO,PSOL,Partido Socialismo e Liberdade,322,N,ELEITO POR MÉDIA,11087,0.029043023360692703,2.90430233606927
2016,1,RIO DE JANEIRO,21,13,Vereador,190000003406,LEONEL BRIZOLA,LEONEL BRIZOLA NETO,APTO,PSOL,Partido Socialismo e Liberdade,290,N,ELEITO POR MÉDIA,11087,0.02615676016956796,2.615676016956796
2016,1,RIO DE JANEIRO,217,13,Vereador,190000003406,LEONEL BRIZOLA,LEONEL BRIZOLA NETO,APTO,PSOL,Partido Socialismo e Liberdade,283,N,ELEITO POR MÉDIA,11087,0.025525390096509424,2.5525390096509426
2016,1,RIO DE JANEIRO,211,13,Vereador,190000003406,LEONEL BRIZOLA,LEONEL BRIZOLA NETO,APTO,PSOL,Partido Socialismo e Liberdade,274,N,ELEITO POR MÉDIA,11087,0.02471362857400559,2.471362857400559
2016,1,RIO DE JANEIRO,119,13,Vereador,190000007443,LEANDRO LYRA BRAGA DOGNINI,LEANDRO LYRA,APTO,NOVO,Partido Novo,2776,N,ELEITO POR QP,29217,0.0950131772598145,9.50131772598145
2016,1,RIO DE JANEIRO,17,13,Vereador,190000007443,LEANDRO LYRA BRAGA DOGNINI,LEANDRO LYRA,APTO,NOVO,Partido Novo,2261,N,ELEITO POR QP,29217,0.07738645309237772,7.738645309237772
2016,1,RIO DE JANEIRO,9,13,Vereador,190000007443,LEANDRO LYRA BRAGA DOGNINI,LEANDRO LYRA,APTO,NOVO,Partido Novo,2028,N,ELEITO POR QP,29217,0.06941164390594518,6.941164390594517
2016,1,RIO DE JANEIRO,252,13,Vereador,190000007443,LEANDRO LYRA BRAGA DOGNINI,LEANDRO LYRA,APTO,NOVO,Partido Novo,1405,N,ELEITO POR QP,29217,0.048088441660677,4.808844166067701
2016,1,RIO DE JANEIRO,165,13,Vereador,190000007443,LEANDRO LYRA BRAGA DOGNINI,LEANDRO LYRA,APTO,NOVO,Partido Novo,1341,N,ELEITO POR QP,29217,0.04589793613307321,4.589793613307322
2016,1,RIO DE JANEIRO,211,13,Vereador,190000012841,JOÃO RICARDO RIBAS JUNIOR,DR. JOÃO RICARDO,APTO,PMDB,Partido do Movimento Democrático Brasileiro,1890,N,ELEITO POR MÉDIA,14994,0.12605042016806722,12.605042016806722
2016,1,RIO DE JANEIRO,176,13,Vereador,190000012841,JOÃO RICARDO RIBAS JUNIOR,DR. JOÃO RICARDO,APTO,PMDB,Partido do Movimento Democrático Brasileiro,928,N,ELEITO POR MÉDIA,14994,0.06189142323596105,6.189142323596105
2016,1,RIO DE JANEIRO,179,13,Vereador,190000012841,JOÃO RICARDO RIBAS JUNIOR,DR. JOÃO RICARDO,APTO,PMDB,Partido do Movimento Democrático Brasileiro,491,N,ELEITO POR MÉDIA,14994,0.032746431906095774,3.274643190609577
2016,1,RIO DE JANEIRO,1,13,Vereador,190000012841,JOÃO RICARDO RIBAS JUNIOR,DR. JOÃO RICARDO,APTO,PMDB,Partido do Movimento Democrático Brasileiro,444,N,ELEITO POR MÉDIA,14994,0.029611844737895156,2.9611844737895154
2016,1,RIO DE JANEIRO,125,13,Vereador,190000012841,JOÃO RICARDO RIBAS JUNIOR,DR. JOÃO RICARDO,APTO,PMDB,Partido do Movimento Democrático Brasileiro,374,N,ELEITO POR MÉDIA,14994,0.024943310657596373,2.494331065759637
2016,1,RIO DE JANEIRO,246,13,Vereador,190000017884,JOÃO MENDES DE JESUS,JOÃO MENDES DE JESUS,APTO,PRB,Partido Republicano Brasileiro,1737,N,ELEITO POR QP,31516,0.05511486229216906,5.5114862292169065
2016,1,RIO DE JANEIRO,230,13,Vereador,190000017884,JOÃO MENDES DE JESUS,JOÃO MENDES DE JESUS,APTO,PRB,Partido Republicano Brasileiro,1582,N,ELEITO POR QP,31516,0.05019672547277573,5.019672547277573
2016,1,RIO DE JANEIRO,21,13,Vereador,190000017884,JOÃO MENDES DE JESUS,JOÃO MENDES DE JESUS,APTO,PRB,Partido Republicano Brasileiro,1433,N,ELEITO POR QP,31516,0.045468968143165374,4.546896814316537
2016,1,RIO DE JANEIRO,241,13,Vereador,190000017884,JOÃO MENDES DE JESUS,JOÃO MENDES DE JESUS,APTO,PRB,Partido Republicano Brasileiro,1311,N,ELEITO POR QP,31516,0.041597918517578374,4.159791851757837
2016,1,RIO DE JANEIRO,122,13,Vereador,190000017884,JOÃO MENDES DE JESUS,JOÃO MENDES DE JESUS,APTO,PRB,Partido Republicano Brasileiro,1290,N,ELEITO POR QP,31516,0.04093159030333799,4.0931590303337995
2016,1,RIO DE JANEIRO,193,13,Vereador,190000017906,JOSÉ INALDO FERNANDES DA SILVA,BISPO INALDO SILVA,APTO,PRB,Partido Republicano Brasileiro,1169,N,ELEITO POR QP,22735,0.05141851770398065,5.141851770398064
2016,1,RIO DE JANEIRO,2,13,Vereador,190000017906,JOSÉ INALDO FERNANDES DA SILVA,BISPO INALDO SILVA,APTO,PRB,Partido Republicano Brasileiro,972,N,ELEITO POR QP,22735,0.04275346382230042,4.275346382230042
2016,1,RIO DE JANEIRO,23,13,Vereador,190000017906,JOSÉ INALDO FERNANDES DA SILVA,BISPO INALDO SILVA,APTO,PRB,Partido Republicano Brasileiro,791,N,ELEITO POR QP,22735,0.03479217066197493,3.479217066197493
2016,1,RIO DE JANEIRO,216,13,Vereador,190000017906,JOSÉ INALDO FERNANDES DA SILVA,BISPO INALDO SILVA,APTO,PRB,Partido Republicano Brasileiro,749,N,ELEITO POR QP,22735,0.032944798768418736,3.2944798768418737
2016,1,RIO DE JANEIRO,171,13,Vereador,190000017906,JOSÉ INALDO FERNANDES DA SILVA,BISPO INALDO SILVA,APTO,PRB,Partido Republicano Brasileiro,731,N,ELEITO POR QP,22735,0.032153067956894654,3.2153067956894654
2016,1,RIO DE JANEIRO,238,13,Vereador,190000009372,JOSE RENATO CARDOZO MOURA,RENATO MOURA,APTO,PDT,Partido Democrático Trabalhista,2908,N,ELEITO POR QP,13572,0.21426466254052462,21.42646625405246
2016,1,RIO DE JANEIRO,234,13,Vereador,190000009372,JOSE RENATO CARDOZO MOURA,RENATO MOURA,APTO,PDT,Partido Democrático Trabalhista,1075,N,ELEITO POR QP,13572,0.07920719127615679,7.920719127615679
2016,1,RIO DE JANEIRO,178,13,Vereador,190000009372,JOSE RENATO CARDOZO MOURA,RENATO MOURA,APTO,PDT,Partido Democrático Trabalhista,880,N,ELEITO POR QP,13572,0.06483937518420277,6.4839375184202765
2016,1,RIO DE JANEIRO,24,13,Vereador,190000009372,JOSE RENATO CARDOZO MOURA,RENATO MOURA,APTO,PDT,Partido Democrático Trabalhista,636,N,ELEITO POR QP,13572,0.046861184792219276,4.6861184792219275
2016,1,RIO DE JANEIRO,237,13,Vereador,190000009372,JOSE RENATO CARDOZO MOURA,RENATO MOURA,APTO,PDT,Partido Democrático Trabalhista,607,N,ELEITO POR QP,13572,0.04472443265546714,4.472443265546714
2016,1,RIO DE JANEIRO,24,13,Vereador,190000012851,JORGE MIGUEL FELIPPE,JORGE FELIPPE,APTO,PMDB,Partido do Movimento Democrático Brasileiro,3768,N,ELEITO POR QP,28104,0.1340734415029889,13.407344150298888
2016,1,RIO DE JANEIRO,237,13,Vereador,190000012851,JORGE MIGUEL FELIPPE,JORGE FELIPPE,APTO,PMDB,Partido do Movimento Democrático Brasileiro,1481,N,ELEITO POR QP,28104,0.05269712496441788,5.269712496441787
2016,1,RIO DE JANEIRO,120,13,Vereador,190000012851,JORGE MIGUEL FELIPPE,JORGE FELIPPE,APTO,PMDB,Partido do Movimento Democrático Brasileiro,1396,N,ELEITO POR QP,28104,0.049672644463421574,4.967264446342157
2016,1,RIO DE JANEIRO,238,13,Vereador,190000012851,JORGE MIGUEL FELIPPE,JORGE FELIPPE,APTO,PMDB,Partido do Movimento Democrático Brasileiro,1279,N,ELEITO POR QP,28104,0.04550953600910902,4.550953600910902
2016,1,RIO DE JANEIRO,243,13,Vereador,190000012851,JORGE MIGUEL FELIPPE,JORGE FELIPPE,APTO,PMDB,Partido do Movimento Democrático Brasileiro,1026,N,ELEITO POR QP,28104,0.03650725875320239,3.650725875320239
2016,1,RIO DE JANEIRO,179,13,Vereador,190000012007,JORGE HENRIQUE MARTINS MANAIA,DR. JORGE MANAIA,APTO,SD,Solidariedade,496,N,ELEITO POR MÉDIA,13249,0.03743678768208922,3.743678768208922
2016,1,RIO DE JANEIRO,246,13,Vereador,190000012007,JORGE HENRIQUE MARTINS MANAIA,DR. JORGE MANAIA,APTO,SD,Solidariedade,485,N,ELEITO POR MÉDIA,13249,0.036606536342365464,3.6606536342365463
2016,1,RIO DE JANEIRO,180,13,Vereador,190000012007,JORGE HENRIQUE MARTINS MANAIA,DR. JORGE MANAIA,APTO,SD,Solidariedade,368,N,ELEITO POR MÉDIA,13249,0.027775681183485546,2.7775681183485545
2016,1,RIO DE JANEIRO,182,13,Vereador,190000012007,JORGE HENRIQUE MARTINS MANAIA,DR. JORGE MANAIA,APTO,SD,Solidariedade,309,N,ELEITO POR MÉDIA,13249,0.023322514906785417,2.3322514906785416
2016,1,RIO DE JANEIRO,219,13,Vereador,190000012007,JORGE HENRIQUE MARTINS MANAIA,DR. JORGE MANAIA,APTO,SD,Solidariedade,297,N,ELEITO POR MÉDIA,13249,0.022416786172541323,2.241678617254132
2016,1,RIO DE JANEIRO,246,13,Vereador,190000024880,JONES BARBOSA DE MOURA,JONES MOURA,APTO,PSD,Partido Social Democrático,492,N,ELEITO POR QP,12722,0.03867316459676152,3.867316459676152
2016,1,RIO DE JANEIRO,120,13,Vereador,190000024880,JONES BARBOSA DE MOURA,JONES MOURA,APTO,PSD,Partido Social Democrático,456,N,ELEITO POR QP,12722,0.03584342084577897,3.584342084577897
2016,1,RIO DE JANEIRO,242,13,Vereador,190000024880,JONES BARBOSA DE MOURA,JONES MOURA,APTO,PSD,Partido Social Democrático,401,N,ELEITO POR QP,12722,0.031520201226222296,3.1520201226222295
2016,1,RIO DE JANEIRO,25,13,Vereador,190000024880,JONES BARBOSA DE MOURA,JONES MOURA,APTO,PSD,Partido Social Democrático,353,N,ELEITO POR QP,12722,0.02774720955824556,2.774720955824556
2016,1,RIO DE JANEIRO,122,13,Vereador,190000024880,JONES BARBOSA DE MOURA,JONES MOURA,APTO,PSD,Partido Social Democrático,349,N,ELEITO POR QP,12722,0.027432793585914165,2.7432793585914164
2016,1,RIO DE JANEIRO,179,13,Vereador,190000012854,JOAO FRANCISCO INACIO BRAZAO,CHIQUINHO BRAZÃO,APTO,PMDB,Partido do Movimento Democrático Brasileiro,6811,N,ELEITO POR QP,23923,0.2847050955147766,28.470509551477658
2016,1,RIO DE JANEIRO,180,13,Vereador,190000012854,JOAO FRANCISCO INACIO BRAZAO,CHIQUINHO BRAZÃO,APTO,PMDB,Partido do Movimento Democrático Brasileiro,4696,N,ELEITO POR QP,23923,0.19629645111399072,19.62964511139907
2016,1,RIO DE JANEIRO,182,13,Vereador,190000012854,JOAO FRANCISCO INACIO BRAZAO,CHIQUINHO BRAZÃO,APTO,PMDB,Partido do Movimento Democrático Brasileiro,3601,N,ELEITO POR QP,23923,0.1505245997575555,15.05245997575555
2016,1,RIO DE JANEIRO,13,13,Vereador,190000012854,JOAO FRANCISCO INACIO BRAZAO,CHIQUINHO BRAZÃO,APTO,PMDB,Partido do Movimento Democrático Brasileiro,1351,N,ELEITO POR QP,23923,0.05647285039501735,5.647285039501735
2016,1,RIO DE JANEIRO,9,13,Vereador,190000012854,JOAO FRANCISCO INACIO BRAZAO,CHIQUINHO BRAZÃO,APTO,PMDB,Partido do Movimento Democrático Brasileiro,977,N,ELEITO POR QP,23923,0.04083935961208879,4.083935961208879
2016,1,RIO DE JANEIRO,231,13,Vereador,190000012857,JAIRO SOUZA SANTOS JUNIOR,JAIRINHO,APTO,PMDB,Partido do Movimento Democrático Brasileiro,4979,N,ELEITO POR QP,26047,0.1911544515683188,19.115445156831882
2016,1,RIO DE JANEIRO,230,13,Vereador,190000012857,JAIRO SOUZA SANTOS JUNIOR,JAIRINHO,APTO,PMDB,Partido do Movimento Democrático Brasileiro,4591,N,ELEITO POR QP,26047,0.17625830229968903,17.6258302299689
2016,1,RIO DE JANEIRO,232,13,Vereador,190000012857,JAIRO SOUZA SANTOS JUNIOR,JAIRINHO,APTO,PMDB,Partido do Movimento Democrático Brasileiro,3312,N,ELEITO POR QP,26047,0.12715475870541712,12.715475870541711
2016,1,RIO DE JANEIRO,24,13,Vereador,190000012857,JAIRO SOUZA SANTOS JUNIOR,JAIRINHO,APTO,PMDB,Partido do Movimento Democrático Brasileiro,2062,N,ELEITO POR QP,26047,0.07916458709256344,7.916458709256344
2016,1,RIO DE JANEIRO,178,13,Vereador,190000012857,JAIRO SOUZA SANTOS JUNIOR,JAIRINHO,APTO,PMDB,Partido do Movimento Democrático Brasileiro,1985,N,ELEITO POR QP,26047,0.07620839252121166,7.620839252121166
2016,1,RIO DE JANEIRO,23,13,Vereador,190000003672,JAIR BARBOSA TAVARES,ZICO BACANA,APTO,PHS,Partido Humanista da Solidariedade,5782,N,ELEITO POR MÉDIA,7932,0.7289460413514877,72.89460413514877
2016,1,RIO DE JANEIRO,167,13,Vereador,190000003672,JAIR BARBOSA TAVARES,ZICO BACANA,APTO,PHS,Partido Humanista da Solidariedade,725,N,ELEITO POR MÉDIA,7932,0.09140191628845185,9.140191628845184
2016,1,RIO DE JANEIRO,123,13,Vereador,190000003672,JAIR BARBOSA TAVARES,ZICO BACANA,APTO,PHS,Partido Humanista da Solidariedade,155,N,ELEITO POR MÉDIA,7932,0.019541099344427635,1.9541099344427635
2016,1,RIO DE JANEIRO,217,13,Vereador,190000003672,JAIR BARBOSA TAVARES,ZICO BACANA,APTO,PHS,Partido Humanista da Solidariedade,93,N,ELEITO POR MÉDIA,7932,0.011724659606656581,1.172465960665658
2016,1,RIO DE JANEIRO,219,13,Vereador,190000003672,JAIR BARBOSA TAVARES,ZICO BACANA,APTO,PHS,Partido Humanista da Solidariedade,61,N,ELEITO POR MÉDIA,7932,0.007690368129097327,0.7690368129097327
2016,1,RIO DE JANEIRO,235,13,Vereador,190000006061,ITALO PEREIRA CAMPOS,ITALO CIBA,APTO,PT do B,Partido Trabalhista do Brasil,4171,N,ELEITO POR QP,6023,0.6925120371907687,69.25120371907687
2016,1,RIO DE JANEIRO,234,13,Vereador,190000006061,ITALO PEREIRA CAMPOS,ITALO CIBA,APTO,PT do B,Partido Trabalhista do Brasil,508,N,ELEITO POR QP,6023,0.08434335048978914,8.434335048978914
2016,1,RIO DE JANEIRO,210,13,Vereador,190000006061,ITALO PEREIRA CAMPOS,ITALO CIBA,APTO,PT do B,Partido Trabalhista do Brasil,147,N,ELEITO POR QP,6023,0.024406441972438984,2.4406441972438984
2016,1,RIO DE JANEIRO,233,13,Vereador,190000006061,ITALO PEREIRA CAMPOS,ITALO CIBA,APTO,PT do B,Partido Trabalhista do Brasil,91,N,ELEITO POR QP,6023,0.015108749792462229,1.5108749792462228
2016,1,RIO DE JANEIRO,15,13,Vereador,190000006061,ITALO PEREIRA CAMPOS,ITALO CIBA,APTO,PT do B,Partido Trabalhista do Brasil,82,N,ELEITO POR QP,6023,0.013614477834965964,1.3614477834965963
2016,1,RIO DE JANEIRO,245,13,Vereador,190000010764,GILBERTO DE OLIVEIRA LIMA,DR GILBERTO,APTO,PMN,Partido da Mobilização Nacional,1781,N,ELEITO POR QP,12165,0.14640361693382656,14.640361693382657
2016,1,RIO DE JANEIRO,246,13,Vereador,190000010764,GILBERTO DE OLIVEIRA LIMA,DR GILBERTO,APTO,PMN,Partido da Mobilização Nacional,1673,N,ELEITO POR QP,12165,0.13752568845047267,13.752568845047266
2016,1,RIO DE JANEIRO,242,13,Vereador,190000010764,GILBERTO DE OLIVEIRA LIMA,DR GILBERTO,APTO,PMN,Partido da Mobilização Nacional,1117,N,ELEITO POR QP,12165,0.09182079736950267,9.182079736950268
2016,1,RIO DE JANEIRO,120,13,Vereador,190000010764,GILBERTO DE OLIVEIRA LIMA,DR GILBERTO,APTO,PMN,Partido da Mobilização Nacional,996,N,ELEITO POR QP,12165,0.08187422934648582,8.187422934648582
2016,1,RIO DE JANEIRO,244,13,Vereador,190000010764,GILBERTO DE OLIVEIRA LIMA,DR GILBERTO,APTO,PMN,Partido da Mobilização Nacional,837,N,ELEITO POR QP,12165,0.0688039457459926,6.8803945745992605
2016,1,RIO DE JANEIRO,167,13,Vereador,190000007958,FERNANDO WILLIAM FERREIRA,FERNANDO WILLIAM,APTO,PDT,Partido Democrático Trabalhista,948,N,ELEITO POR MÉDIA,12055,0.0786395686437163,7.863956864371629
2016,1,RIO DE JANEIRO,161,13,Vereador,190000007958,FERNANDO WILLIAM FERREIRA,FERNANDO WILLIAM,APTO,PDT,Partido Democrático Trabalhista,600,N,ELEITO POR MÉDIA,12055,0.04977187888842804,4.977187888842804
2016,1,RIO DE JANEIRO,175,13,Vereador,190000007958,FERNANDO WILLIAM FERREIRA,FERNANDO WILLIAM,APTO,PDT,Partido Democrático Trabalhista,513,N,ELEITO POR MÉDIA,12055,0.042554956449605975,4.255495644960598
2016,1,RIO DE JANEIRO,9,13,Vereador,190000007958,FERNANDO WILLIAM FERREIRA,FERNANDO WILLIAM,APTO,PDT,Partido Democrático Trabalhista,486,N,ELEITO POR MÉDIA,12055,0.04031522189962671,4.031522189962671
2016,1,RIO DE JANEIRO,180,13,Vereador,190000007958,FERNANDO WILLIAM FERREIRA,FERNANDO WILLIAM,APTO,PDT,Partido Democrático Trabalhista,428,N,ELEITO POR MÉDIA,12055,0.03550394027374534,3.5503940273745336
2016,1,RIO DE JANEIRO,185,13,Vereador,190000011337,FELIPE MICHEL,FELIPE MICHEL,APTO,PSDB,Partido da Social Democracia Brasileira,2495,N,ELEITO POR QP,10300,0.24223300970873787,24.223300970873787
2016,1,RIO DE JANEIRO,214,13,Vereador,190000011337,FELIPE MICHEL,FELIPE MICHEL,APTO,PSDB,Partido da Social Democracia Brasileira,637,N,ELEITO POR QP,10300,0.061844660194174755,6.184466019417475
2016,1,RIO DE JANEIRO,211,13,Vereador,190000011337,FELIPE MICHEL,FELIPE MICHEL,APTO,PSDB,Partido da Social Democracia Brasileira,508,N,ELEITO POR QP,10300,0.04932038834951456,4.932038834951456
2016,1,RIO DE JANEIRO,180,13,Vereador,190000011337,FELIPE MICHEL,FELIPE MICHEL,APTO,PSDB,Partido da Social Democracia Brasileira,474,N,ELEITO POR QP,10300,0.04601941747572816,4.601941747572816
2016,1,RIO DE JANEIRO,182,13,Vereador,190000011337,FELIPE MICHEL,FELIPE MICHEL,APTO,PSDB,Partido da Social Democracia Brasileira,360,N,ELEITO POR QP,10300,0.03495145631067961,3.4951456310679614
2016,1,RIO DE JANEIRO,120,13,Vereador,190000024871,ELISEU GOMES KESSLER,ELISEU KESSLER,APTO,PSD,Partido Social Democrático,934,N,ELEITO POR MÉDIA,10777,0.0866660480653243,8.66660480653243
2016,1,RIO DE JANEIRO,245,13,Vereador,190000024871,ELISEU GOMES KESSLER,ELISEU KESSLER,APTO,PSD,Partido Social Democrático,791,N,ELEITO POR MÉDIA,10777,0.07339704927159692,7.3397049271596915
2016,1,RIO DE JANEIRO,122,13,Vereador,190000024871,ELISEU GOMES KESSLER,ELISEU KESSLER,APTO,PSD,Partido Social Democrático,736,N,ELEITO POR MÉDIA,10777,0.06829358819708639,6.829358819708639
2016,1,RIO DE JANEIRO,242,13,Vereador,190000024871,ELISEU GOMES KESSLER,ELISEU KESSLER,APTO,PSD,Partido Social Democrático,706,N,ELEITO POR MÉDIA,10777,0.06550988215644428,6.550988215644428
2016,1,RIO DE JANEIRO,246,13,Vereador,190000024871,ELISEU GOMES KESSLER,ELISEU KESSLER,APTO,PSD,Partido Social Democrático,460,N,ELEITO POR MÉDIA,10777,0.04268349262317899,4.268349262317899
2016,1,RIO DE JANEIRO,211,13,Vereador,190000003396,DAVID MICHAEL DOS SANTOS MIRANDA,DAVID MIRANDA,APTO,PSOL,Partido Socialismo e Liberdade,249,N,ELEITO POR MÉDIA,7012,0.03551055333713634,3.551055333713634
2016,1,RIO DE JANEIRO,4,13,Vereador,190000003396,DAVID MICHAEL DOS SANTOS MIRANDA,DAVID MIRANDA,APTO,PSOL,Partido Socialismo e Liberdade,246,N,ELEITO POR MÉDIA,7012,0.035082715345122646,3.508271534512265
2016,1,RIO DE JANEIRO,16,13,Vereador,190000003396,DAVID MICHAEL DOS SANTOS MIRANDA,DAVID MIRANDA,APTO,PSOL,Partido Socialismo e Liberdade,233,N,ELEITO POR MÉDIA,7012,0.03322875071306332,3.3228750713063318
2016,1,RIO DE JANEIRO,166,13,Vereador,190000003396,DAVID MICHAEL DOS SANTOS MIRANDA,DAVID MIRANDA,APTO,PSOL,Partido Socialismo e Liberdade,220,N,ELEITO POR MÉDIA,7012,0.03137478608100399,3.137478608100399
2016,1,RIO DE JANEIRO,252,13,Vereador,190000003396,DAVID MICHAEL DOS SANTOS MIRANDA,DAVID MIRANDA,APTO,PSOL,Partido Socialismo e Liberdade,194,N,ELEITO POR MÉDIA,7012,0.02766685681688534,2.766685681688534
2016,1,RIO DE JANEIRO,119,13,Vereador,190000011816,CLAUDIO BONFIM DE CASTRO E SILVA,CLÁUDIO CASTRO,APTO,PSC,Partido Social Cristão,494,N,ELEITO POR QP,10262,0.048138764373416486,4.813876437341649
2016,1,RIO DE JANEIRO,179,13,Vereador,190000011816,CLAUDIO BONFIM DE CASTRO E SILVA,CLÁUDIO CASTRO,APTO,PSC,Partido Social Cristão,402,N,ELEITO POR QP,10262,0.0391736503605535,3.91736503605535
2016,1,RIO DE JANEIRO,9,13,Vereador,190000011816,CLAUDIO BONFIM DE CASTRO E SILVA,CLÁUDIO CASTRO,APTO,PSC,Partido Social Cristão,336,N,ELEITO POR QP,10262,0.03274215552523874,3.2742155525238745
2016,1,RIO DE JANEIRO,21,13,Vereador,190000011816,CLAUDIO BONFIM DE CASTRO E SILVA,CLÁUDIO CASTRO,APTO,PSC,Partido Social Cristão,261,N,ELEITO POR QP,10262,0.025433638666926526,2.5433638666926526
2016,1,RIO DE JANEIRO,122,13,Vereador,190000011816,CLAUDIO BONFIM DE CASTRO E SILVA,CLÁUDIO CASTRO,APTO,PSC,Partido Social Cristão,247,N,ELEITO POR QP,10262,0.024069382186708243,2.4069382186708244
2016,1,RIO DE JANEIRO,9,13,Vereador,190000005654,CESAR EPITÁCIO MAIA,CESAR MAIA,APTO,DEM,Democratas,2367,N,ELEITO POR QP,71468,0.03311971791571053,3.311971791571053
2016,1,RIO DE JANEIRO,7,13,Vereador,190000005654,CESAR EPITÁCIO MAIA,CESAR MAIA,APTO,DEM,Democratas,2330,N,ELEITO POR QP,71468,0.032602003693960935,3.2602003693960935
2016,1,RIO DE JANEIRO,119,13,Vereador,190000005654,CESAR EPITÁCIO MAIA,CESAR MAIA,APTO,DEM,Democratas,1477,N,ELEITO POR QP,71468,0.02066659204119326,2.0666592041193264
2016,1,RIO DE JANEIRO,192,13,Vereador,190000005654,CESAR EPITÁCIO MAIA,CESAR MAIA,APTO,DEM,Democratas,1400,N,ELEITO POR QP,71468,0.019589186768903564,1.9589186768903564
2016,1,RIO DE JANEIRO,170,13,Vereador,190000005654,CESAR EPITÁCIO MAIA,CESAR MAIA,APTO,DEM,Democratas,1293,N,ELEITO POR QP,71468,0.018092013208708794,1.8092013208708795
2016,1,RIO DE JANEIRO,185,13,Vereador,190000005652,CELIO CESAR LUPPARELLI FARIA,PROFESSOR CELIO LUPPARELLI,APTO,DEM,Democratas,1320,N,ELEITO POR MÉDIA,8692,0.15186378278877127,15.186378278877127
2016,1,RIO DE JANEIRO,210,13,Vereador,190000005652,CELIO CESAR LUPPARELLI FARIA,PROFESSOR CELIO LUPPARELLI,APTO,DEM,Democratas,857,N,ELEITO POR MÉDIA,8692,0.0985964104924068,9.85964104924068
2016,1,RIO DE JANEIRO,167,13,Vereador,190000005652,CELIO CESAR LUPPARELLI FARIA,PROFESSOR CELIO LUPPARELLI,APTO,DEM,Democratas,657,N,ELEITO POR MÉDIA,8692,0.07558674643350208,7.558674643350208
2016,1,RIO DE JANEIRO,13,13,Vereador,190000005652,CELIO CESAR LUPPARELLI FARIA,PROFESSOR CELIO LUPPARELLI,APTO,DEM,Democratas,622,N,ELEITO POR MÉDIA,8692,0.07156005522319374,7.156005522319374
2016,1,RIO DE JANEIRO,179,13,Vereador,190000005652,CELIO CESAR LUPPARELLI FARIA,PROFESSOR CELIO LUPPARELLI,APTO,DEM,Democratas,589,N,ELEITO POR MÉDIA,8692,0.06776346065347445,6.776346065347445
2016,1,RIO DE JANEIRO,9,13,Vereador,190000011815,CARLOS NANTES BOLSONARO,CARLOS BOLSONARO,APTO,PSC,Partido Social Cristão,3105,N,ELEITO POR QP,106657,0.029112013276203157,2.9112013276203155
2016,1,RIO DE JANEIRO,122,13,Vereador,190000011815,CARLOS NANTES BOLSONARO,CARLOS BOLSONARO,APTO,PSC,Partido Social Cristão,2294,N,ELEITO POR QP,106657,0.021508199180550736,2.1508199180550736
2016,1,RIO DE JANEIRO,210,13,Vereador,190000011815,CARLOS NANTES BOLSONARO,CARLOS BOLSONARO,APTO,PSC,Partido Social Cristão,2272,N,ELEITO POR QP,106657,0.021301930487450424,2.1301930487450425
2016,1,RIO DE JANEIRO,182,13,Vereador,190000011815,CARLOS NANTES BOLSONARO,CARLOS BOLSONARO,APTO,PSC,Partido Social Cristão,2237,N,ELEITO POR QP,106657,0.020973775748427202,2.0973775748427204
2016,1,RIO DE JANEIRO,246,13,Vereador,190000011815,CARLOS NANTES BOLSONARO,CARLOS BOLSONARO,APTO,PSC,Partido Social Cristão,2167,N,ELEITO POR QP,106657,0.020317466270380752,2.0317466270380753
2016,1,RIO DE JANEIRO,211,13,Vereador,190000012012,CARLOS EDUARDO DE MATTOS,DR. CARLOS EDUARDO,APTO,SD,Solidariedade,1567,N,ELEITO POR QP,19822,0.07905357683382101,7.9053576833821015
2016,1,RIO DE JANEIRO,9,13,Vereador,190000012012,CARLOS EDUARDO DE MATTOS,DR. CARLOS EDUARDO,APTO,SD,Solidariedade,703,N,ELEITO POR QP,19822,0.03546564423367975,3.5465644233679745
2016,1,RIO DE JANEIRO,169,13,Vereador,190000012012,CARLOS EDUARDO DE MATTOS,DR. CARLOS EDUARDO,APTO,SD,Solidariedade,678,N,ELEITO POR QP,19822,0.03420441933205529,3.420441933205529
2016,1,RIO DE JANEIRO,21,13,Vereador,190000012012,CARLOS EDUARDO DE MATTOS,DR. CARLOS EDUARDO,APTO,SD,Solidariedade,585,N,ELEITO POR QP,19822,0.02951266269801231,2.951266269801231
2016,1,RIO DE JANEIRO,243,13,Vereador,190000012012,CARLOS EDUARDO DE MATTOS,DR. CARLOS EDUARDO,APTO,SD,Solidariedade,578,N,ELEITO POR QP,19822,0.029159519725557463,2.9159519725557463
2016,1,RIO DE JANEIRO,9,13,Vereador,190000005650,CARLO FERREIRA DE CAIADO CASTRO,CARLO CAIADO,APTO,DEM,Democratas,4374,N,ELEITO POR QP,28122,0.15553659056966077,15.553659056966076
2016,1,RIO DE JANEIRO,119,13,Vereador,190000005650,CARLO FERREIRA DE CAIADO CASTRO,CARLO CAIADO,APTO,DEM,Democratas,3414,N,ELEITO POR QP,28122,0.12139961595903563,12.139961595903562
2016,1,RIO DE JANEIRO,243,13,Vereador,190000005650,CARLO FERREIRA DE CAIADO CASTRO,CARLO CAIADO,APTO,DEM,Democratas,1934,N,ELEITO POR QP,28122,0.06877178010098856,6.877178010098856
2016,1,RIO DE JANEIRO,25,13,Vereador,190000005650,CARLO FERREIRA DE CAIADO CASTRO,CARLO CAIADO,APTO,DEM,Democratas,1369,N,ELEITO POR QP,28122,0.04868074816869355,4.868074816869354
2016,1,RIO DE JANEIRO,179,13,Vereador,190000005650,CARLO FERREIRA DE CAIADO CASTRO,CARLO CAIADO,APTO,DEM,Democratas,1136,N,ELEITO POR QP,28122,0.040395419955906404,4.039541995590641
2016,1,RIO DE JANEIRO,122,13,Vereador,190000003828,ANTONIO JOSE PAPERA DE AZEVEDO,ZICO,APTO,PTB,Partido Trabalhista Brasileiro,9701,N,ELEITO POR QP,21565,0.44984929283561326,44.98492928356133
2016,1,RIO DE JANEIRO,237,13,Vereador,190000003828,ANTONIO JOSE PAPERA DE AZEVEDO,ZICO,APTO,PTB,Partido Trabalhista Brasileiro,3770,N,ELEITO POR QP,21565,0.1748203106886158,17.48203106886158
2016,1,RIO DE JANEIRO,230,13,Vereador,190000003828,ANTONIO JOSE PAPERA DE AZEVEDO,ZICO,APTO,PTB,Partido Trabalhista Brasileiro,1744,N,ELEITO POR QP,21565,0.08087178298168328,8.087178298168327
2016,1,RIO DE JANEIRO,24,13,Vereador,190000003828,ANTONIO JOSE PAPERA DE AZEVEDO,ZICO,APTO,PTB,Partido Trabalhista Brasileiro,1082,N,ELEITO POR QP,21565,0.0501738928819847,5.01738928819847
2016,1,RIO DE JANEIRO,245,13,Vereador,190000003828,ANTONIO JOSE PAPERA DE AZEVEDO,ZICO,APTO,PTB,Partido Trabalhista Brasileiro,685,N,ELEITO POR QP,21565,0.03176443310920473,3.176443310920473
2016,1,RIO DE JANEIRO,188,13,Vereador,190000005647,ALEXANDRE ISQUIERDO MOREIRA,ALEXANDRE ISQUIERDO,APTO,DEM,Democratas,2243,N,ELEITO POR QP,24701,0.09080604024128577,9.080604024128577
2016,1,RIO DE JANEIRO,11,13,Vereador,190000005647,ALEXANDRE ISQUIERDO MOREIRA,ALEXANDRE ISQUIERDO,APTO,DEM,Democratas,2140,N,ELEITO POR QP,24701,0.086636168576171,8.6636168576171
2016,1,RIO DE JANEIRO,121,13,Vereador,190000005647,ALEXANDRE ISQUIERDO MOREIRA,ALEXANDRE ISQUIERDO,APTO,DEM,Democratas,1458,N,ELEITO POR QP,24701,0.059025950366381925,5.902595036638193
2016,1,RIO DE JANEIRO,189,13,Vereador,190000005647,ALEXANDRE ISQUIERDO MOREIRA,ALEXANDRE ISQUIERDO,APTO,DEM,Democratas,1062,N,ELEITO POR QP,24701,0.04299421076069795,4.299421076069795
2016,1,RIO DE JANEIRO,162,13,Vereador,190000005647,ALEXANDRE ISQUIERDO MOREIRA,ALEXANDRE ISQUIERDO,APTO,DEM,Democratas,680,N,ELEITO POR QP,24701,0.02752924982794219,2.752924982794219
2016,1,RIO DE JANEIRO,219,13,Vereador,190000010725,ADEJAIR SANCHES DE AGUIAR,JAIR DA MENDES GOMES,APTO,PMN,Partido da Mobilização Nacional,5004,N,ELEITO POR MÉDIA,8112,0.6168639053254438,61.68639053254438
2016,1,RIO DE JANEIRO,218,13,Vereador,190000010725,ADEJAIR SANCHES DE AGUIAR,JAIR DA MENDES GOMES,APTO,PMN,Partido da Mobilização Nacional,970,N,ELEITO POR MÉDIA,8112,0.11957593688362919,11.95759368836292
2016,1,RIO DE JANEIRO,217,13,Vereador,190000010725,ADEJAIR SANCHES DE AGUIAR,JAIR DA MENDES GOMES,APTO,PMN,Partido da Mobilização Nacional,577,N,ELEITO POR MÉDIA,8112,0.07112919132149902,7.1129191321499015
2016,1,RIO DE JANEIRO,22,13,Vereador,190000010725,ADEJAIR SANCHES DE AGUIAR,JAIR DA MENDES GOMES,APTO,PMN,Partido da Mobilização Nacional,133,N,ELEITO POR MÉDIA,8112,0.016395463510848127,1.6395463510848127
2016,1,RIO DE JANEIRO,220,13,Vereador,190000010725,ADEJAIR SANCHES DE AGUIAR,JAIR DA MENDES GOMES,APTO,PMN,Partido da Mobilização Nacional,94,N,ELEITO POR MÉDIA,8112,0.011587771203155819,1.1587771203155819
2016,1,RIO DE JANEIRO,123,13,Vereador,190000011325,ADALMIR D AGUILA DE SOUZA,PROFESSOR ADALMIR,APTO,PSDB,Partido da Social Democracia Brasileira,5333,N,ELEITO POR MÉDIA,8804,0.6057473875511131,60.57473875511131
2016,1,RIO DE JANEIRO,15,13,Vereador,190000011325,ADALMIR D AGUILA DE SOUZA,PROFESSOR ADALMIR,APTO,PSDB,Partido da Social Democracia Brasileira,837,N,ELEITO POR MÉDIA,8804,0.09507042253521127,9.507042253521126
2016,1,RIO DE JANEIRO,167,13,Vereador,190000011325,ADALMIR D AGUILA DE SOUZA,PROFESSOR ADALMIR,APTO,PSDB,Partido da Social Democracia Brasileira,781,N,ELEITO POR MÉDIA,8804,0.08870967741935484,8.870967741935484
2016,1,RIO DE JANEIRO,23,13,Vereador,190000011325,ADALMIR D AGUILA DE SOUZA,PROFESSOR ADALMIR,APTO,PSDB,Partido da Social Democracia Brasileira,239,N,ELEITO POR MÉDIA,8804,0.027146751476601543,2.7146751476601545
2016,1,RIO DE JANEIRO,217,13,Vereador,190000011325,ADALMIR D AGUILA DE SOUZA,PROFESSOR ADALMIR,APTO,PSDB,Partido da Social Democracia Brasileira,138,N,ELEITO POR MÉDIA,8804,0.01567469332121763,1.567469332121763
